<?xml version="1.0" encoding="UTF-8"?>
<project-private xmlns="http://www.netbeans.org/ns/project-private/1">
    <editor-bookmarks xmlns="http://www.netbeans.org/ns/editor-bookmarks/1"/>
    <open-files xmlns="http://www.netbeans.org/ns/projectui-open-files/1">
        <file>file:/var/www/geraClassePhp/index.php</file>
        <file>file:/var/www/geraClassePhp/controller/gerador/modulo.php</file>
        <file>file:/var/www/geraClassePhp/model/producer_class/classProducerClass.php</file>
        <file>file:/var/www/geraClassePhp/model/producer_pcad/classProducerPcad.php</file>
    </open-files>
</project-private>
